RefDes,MPN,Manufacturer,Qty,Description,Alternate,Supplier,Quote,Link
W39,A-2186-2,Brady,2,"Label, 1"" x 0.5"" poly",,,,
T55,770520-1,TE,3,"Terminal, 18-16AWG, tin",,DigiKey,0.14 USD,https://octopart.com/opatz8j6/a1?t=VD81NyTW4Xh-0Dv2yKdOvEEWufCb9e72Y3bn8Fojeb4dwY1ijzCjuvsmm7rKdXRa8n9II7d65WxxKfL6Im655kkwMiuf2Wr6LcTTnkw6AuEP6joJJztDcVVjVyrNWEtHKoqZmU2vsZLI_1PkfAjeW5yAcmBKpD1vWTmkivDcMVxx_yiGBYi4Xdaa_1mloujTeJhovi4Y9Ko9A05oahuQ-B2ysvg_BsDqCmfELd2U15-dh9VQ9Mco-pZzF8pE4DCZAwCs_Xs
LBL2,39-01-2025,Molex,2,"Shell, 2 pos, no contacts",5557-02R,Avnet,0.1082 USD,https://octopart.com/opatz8j6/a1?t=nm3276Anyj3woAFQuxFddHm5ouquJpqirg2bDeAXzGsZfP-4qgSbyBvjJOYshK5VuQqqQbciZwmRhlbeF1sUArvBZ0SYZwfCYQabb7yMdtwaCvS7_AbhLyh_N-BXeOo6s9iP8R4b46ZJJP2BEfEMGz8YNgQo_PNZAlIclK11MsGAGrNME3f1rM2pSHNXK7Y97clC_k1MFD712CpS3VIaADiJvZHQFMMsQEet9DqZ0SuNGwZ0lIiCkZ31MokUrQjkVZM
W69,39-01-2025,Molex,5,"Shell, 2 pos, no contacts",5557-02R,Avnet,0.10312 USD,https://octopart.com/opatz8j6/a1?t=SMzic4vyT-4UvB6eFZzVM60GKXVu7Qq-qP8oH-EuGpBNcP7_Y_R173jqFl4GZLb_BJCzMaEnpKhkQnxwYa1E74okSBer2V-11zRPf9QZRQ68KyPJ8XjtpFe5ImebTjnsuW0NpKOBZGTC7UVu4CyyKooEP7kX7Ag0cet46utsnwIO3simWTctVbwV8aKKzLQS_6JgXIzSItFqMb0f56cxBBQU0KdLmvuaW-hh-8jGJ-4AX83ioW2BpyY0mpHUhTwdikE
LBL27,CUST-WIRE-14AWG-BLK,Customer-Supplied,4,"14 AWG wire, black, stranded",,,,
T91,39-01-2025,Molex,4,"Shell, 2 pos, no contacts",5557-02R,Avnet,0.10497 USD,https://octopart.com/opatz8j6/a1?t=OJzBqOmXmAyJtmjly3oRFZBV0QlSsrD-CwnguhSFP6e2E_mRsAVMwqFt86gMwDHGdA5-tZ7veMrFhOFIT9Cfma0N68fiJHMG1UIA6pdIr5I7Afja51hsjh8Y-jXjMWEzPNaHE66k4Z_vB1CjgbhAfMTbzar6lss_GZK9P4Mh7E4_o36-gt0YkuRidlG0Rt9REb9sQGyn53BidiLjEW4eZMpbvb1V86YwejSVZPOUBwbnRSO4HJlMGFM8HKsQVrxPSA
LBL93,123456,Brady,1,Placeholder PN,,DigiKey,16.99 USD,https://octopart.com/opatz8j6/a1?t=H_FiCDHyEq0as1zPrGe2Z9NEG_k87gYEZYaww5TyyN21E1ywZck7gOY8RjYGFy_8-Sc-m5JpC7321f3EYAGwM5GLwgf2S2ZOUOtpBAf8BHwWYtWV-3H7xqeLk_TvhsuwM9fb_lUKXPkLXqZHB9NaDaQ06wdzW47YmzGpSCgSStsD6PfW0OLZpEpFZA73x1KJDikWE-zTNMYwJnTnbSm-w_NiAXOE3V7Iy588mZ37GoNyDGy5DnbnETGZJqC_fyfvJitE4Ns
LBL46,123456,Brady,1,Placeholder PN,,DigiKey,16.99 USD,https://octopart.com/opatz8j6/a1?t=xumVQmu4_-5IPEP24h-RiMMhO__ss5ZgEyCYZz3vjyWDyOMvJbWLzf11ED61ysH-5JbWdYTAMWQn8MZZtYKV08tfpqBDP46ekJAECGpmIxcnQtR-z5aVY--HZQiYqKg3BnPmGaAYZHX-MQMTejp1vParbrjM9rIy_9FEAtnqpOV5DAsDYvSF73lcxsOr_7qa3odz8SnPpaX2BqYDyDfD3eCgDiY9V4oDxelq_NaCIwx-i_5lIMNRao3zNJdJ2SSv2rbi7Ps
LBL99,39-01-2025,Molex,2,"Shell, 2 pos, no contacts",5557-02R,Avnet,0.1082 USD,https://octopart.com/opatz8j6/a1?t=3hs23AFgcVFkm4tMmHvjNyJxIVb92kX6xUKk51zmFlD4bqXAzhyCfPfNBkLHDpj7ofnQKtHsYKi-IoZ8scKwb4GUqvb6aTzIMpI9D6glTKbFOnVxawVPBgkatldpg8pVk2-p4GUEaRHqUTkH3U3PwB1gPegrJs0WIbRakG50LQOSKQEQtIvsGadNHtbLkO27I7x7i0DkRnJYxnvLYKaTWkOlTJ0h8JcPeKfMfcu0D1dzAIcE3X8vG67H1k49uMXs3AQ
LBL83,CUST-WIRE-14AWG-BLK,Customer-Supplied,4,"14 AWG wire, black, stranded",,,,
W55,171864-0000,TE Connectivity,4,"Terminal, 22-18AWG, tin",,,,
T26,A-2186-2,Brady,5,"Label, 1"" x 0.5"" poly",,,,
HS24,39-01-2025,Molex,3,"Shell, 2 pos, no contacts",5557-02R,Avnet,0.10497 USD,https://octopart.com/opatz8j6/a1?t=2MM921KcYiQfajfhXp8uT3BhJg7mst8MDukqhoURIQH8GVikhamq0JhDOednkcSNXTd-5dJE8M9uOvHJ_TSp4h_9UzQ5AcvthbrPLrSi6mwLP3wmK8Py_6KK29r4MuicEUuY3LoU-01G1TWy-L4kuyeC9koCFkKRYIrZHQaPg71S5f1d7vcB3P134xP1EuDokzBt-30JZrfeP7eBndJt5Os2LMiiyZkjlbn4a5_GqBbV1wpUyMSuxh1ZlRqntHQ6yCU
T12,39-01-2025,Molex,3,"Shell, 2 pos, no contacts",5557-02R,Avnet,0.10497 USD,https://octopart.com/opatz8j6/a1?t=xoa7sha8YeJHbZ9dh86wLWoN-vYPzrkJmU_0YvtAe81wgJpF-5yfYWR2nxnyRyo-TZpbLk8yixgR_tZBu8o2PWjYpd5uPHibj3QTQFB1S8OXmgGrfNK6YiB9USwgp_yRlfNrVfMe8lwWTrhZmu4ytB2GIHWohx5epe4cu2g7HHyDGzZT4QjCvwu1Dj3KfkqxrkkwXYcAu7LfV8iDX54hw18t_D13ibXS03TO2YDOP7U-DZ8ISF76Hy1DF0OP0nJVOCY
LBL2,171864-0000,TE Connectivity,3,"Terminal, 22-18AWG, tin",,,,
T47,CUST-WIRE-14AWG-RED,Customer-Supplied,5,"14 AWG wire, red, stranded",,,,
HS53,171864-0000,TE Connectivity,3,"Terminal, 22-18AWG, tin",,,,
W76,39-01-2040,Molex,4,"Connector Housing, 2 pos",39012040,Avnet,0.11501 USD,https://octopart.com/opatz8j6/a1?t=PF8K5mattGoR9NqG3hivxg9FlaaNaY_UQo7KFfgsmgn0RibhOJ6pqjj1MXWiZoZs4Vdxz8Qg-kcxtai8cmqV-EfcQ1dNruHStuTmmzhMei49I_lldXVqbHtEqSbh90c8REpTkQYH1BtkwjpskCrG8bmp1xYdk4XDTY8PIj1Q3AJJeuHTCcz5aok9b4_mEkHfN-f6Qa1iYG-sYjLU6DdIiID9althgPQbRO-MdTiS18d0safF8ukIydpqsUdTDag8Dg
HS91,,,4,Unspecified wire (TBD),,,,
W33,A-2186-2,Brady,5,"Label, 1"" x 0.5"" poly",,,,
J36,123456,Brady,5,Placeholder PN,,DigiKey,16.99 USD,https://octopart.com/opatz8j6/a1?t=6W2USSySaCqpLbiD36BeBs731xiQCor9xJ42LsjHncmCK_fSRfzHLA3gNAolm7tWhss8n98poXEeiwaz9YsXMtjV3qnfGp2VISTgaKEgsr-Tt0o458nT8mNqxEkNxatXCv-XMgORqIaNprnWDhfJGOPD0GKoUt7vHc9E4CSUrE2jjn05oigJBbJwOl4hXOobCaccipwowVI0gHWk5c9nucrI61Juwbk2VsBBalD0LJZoZGH3QinvrYRbS0_cHblpNu_EIPk
T97,39-01-2040,Molex,4,"Connector Housing, 2 pos",39012040,Avnet,0.11501 USD,https://octopart.com/opatz8j6/a1?t=zszaBFaWIeC6-BcKXn3pQVcvigJTqDDIriphNF5IOqjbz7qd5DTs4DluD2NXfBCjw3Mtl-PGMTOCESil-yXJZ5_j9dk_dnIfiqeKh_lhLhQ6cbhB0N4eeKCP4od78O2WVW2D39dbSRj11Su3jToMnz-XprNOHwRaZV-vnsQaiKvx8h1rEMwA7it5MeJLBqNCxjgi8X43E4BTX-b6RoZA3uh-bovYoEr1kpCVvKG7Za7M65-Rim_tNuw6X0ceoIZ05w
T86,39-01-2025,Molex,1,"Shell, 2 pos, no contacts",5557-02R,Avnet,0.1082 USD,https://octopart.com/opatz8j6/a1?t=kT2UWbmdDhcJprkir-0vVH-2h3vefhVvXS4CaxRErnufQrtz_CSn3P_xwgp8q0Sk528MA3g5Lu0qhaTpEt146lsjb83W3_VccdYCl5fBKiFbXZgTaR9zippo_fwHgcLcprMOdqNYqF6ClHaad7q2HZbh_X2k2u116zU8mrhTpMrhSN-3-xAXrlBhoOFjPdMhYmRZsrb-VH8GnAAdiSUOb8G5ImLqhjT4Fy51o465Se7gvZFif1nIs9a2rKbl-lQjlSU
LBL88,770520-1,TE Connectivity,4,"Terminal, 18-16AWG, tin",770520-1,DigiKey,0.1036 USD,https://octopart.com/opatz8j6/a1?t=XykEu-YtCxbzdxO874VlR701iIqxI7D9cMKdBy5rdDkG4jgeA82TONLfvh8cHgiE53lLqvWavpLRGbhDXfwCLXXIwIQk3TBPhVG8BgjfIyzmpbg_3XAzQM4GuNkM-5ovUYJ0pt8a5NuJ-bCqwwIGiD_DP5eGIHs96GgWOwRqkWuFfHfk-KIXAFmol1YuhGmvKalocyjv-m9BY4sK85SdPNncLpaQcXpP7X_IYOkpo1o2LCAGGtWPq52yYMvqrNz0mwfWdZk
HS92,A-2186-2,Brady,5,"Label, 1"" x 0.5"" poly",,,,
HS86,39-01-2040,Molex,3,"Connector Housing, 2 pos",39012040,Avnet,0.11501 USD,https://octopart.com/opatz8j6/a1?t=Gw02wcmMRKrCJeMw8zfUuJvZ4vPW78bU1yX1i8OK6m8DhXDuveGK7bJeJBApIyREp4KYoxib6ySO6FOo0NAi0pAtn5l7sY_KBONukN8nTHkiiTCmqABGA63INiuwDq4uM4Y87DXKRZYX_guE-ZKWYVlXi_umcCSi5fe5_zCpdWp5j-I0edS1JydkXbAAzDbT9YG8QrKsahNQdqXNuzk3bndazpjBgavU9r-cm-dHP_QctPFi_YeDF_4Zf0NHVLS6_A
T7,770520-1,TE,2,"Terminal, 18-16AWG, tin",,DigiKey,0.14 USD,https://octopart.com/opatz8j6/a1?t=qM2ze36Za1aJ-Di0T5ISnNtSHosCNhLizKtvsaC_rTh6xxlCNrfy1oBtuwuhn8YWAX4ojiAxM_8Ktsl8iOpB7qQ1KMLtHcTomrvIrakiBGd1dZqOgzsNsmw7NNyJOlIMgDLcaQQFaqHgG-mFa9PadWMKR3kP8_AilZYCcqdX-m7-1RzVI7C20lN8kBuohMDhHEbj75C8ZMAAsG-B2lQVBv4D7TF5h6vswzF0XcIaREhFy4YF2n_AMf6FTfT2JJK1klE8t6g
LBL23,RNF-100-3/16-BK-SP-SM,TE Connectivity / Raychem,2,"Heat shrink tubing, 3/16"" black",RNF-100-3/16-BK-SP,DigiKey,1.05853 USD,https://octopart.com/opatz8j6/a1?t=8S99lEPgMGd4H37oIGlXLywjYlaFj6TZEQr2qtfzE4c_mYcAT7ph7pyudGoftoduJEogPAAsSgLAR1LNogTP-ivar9-S2FJKDVrHmLYsk7UN-KdpxGw046YScmSCHc-49M59cIfiEjr2LSagNiW1Q-r8KJ6W6cenS82QH83JkiXUtzOu8aTHQbxvw4gyU1JwYzENfZAWE4kHRoHsbXfK91XQoRmtTacz66OJpp9r-lKsvsSAwEVrJ2yHfO85SFJdxi9TgM8
HS19,770520-1,TE,3,"Terminal, 18-16AWG, tin",,DigiKey,0.14 USD,https://octopart.com/opatz8j6/a1?t=PWX8rymHKSSe0PCnGUbxh7WW7OsLgGJDS87HIalhKR1N4Itw2swkHB5EfwLEogmJ2NwU3N6fzg3ulyXylRYse53K12wpjYqybHxdbbKODOfYf_RXfhbPAmCqV7BJqmcdyLXbuwtik49RkqSMPua5VcyIpDztO-8NRs0LHx3UhX4CCIZGhkWAXXN31UZ-tGNH8AfvofRzhyqMuaqSUknUufpGkWAPjfEnrztsSrB8fmHuYJBgdqlLH40H2uldDwNUOSsJJco
T58,770520-1,TE,4,"Terminal, 18-16AWG, tin",,DigiKey,0.1036 USD,https://octopart.com/opatz8j6/a1?t=QDVIAEXofLP2GacBymlqJ6XLFgIWtygLHzHDE7aL-QmebNt2btz7j22KdxPj_S5_l_pSvfaGbJcaCWl3VxW_XIe-jahuXFvBPdaZqJPxN9A_912g5iT5q_5xzRzez7rO2k4f9LWQgBOPiTk8uPf5bmCvf1LD_CXduYA4KXv1-5rN63uhcTJQdv60Sc_3b6T9f7JXxUL7lrNc8ovAdNWfZ0CqvEqJra1v_KlxwA7hlui217HFqXymqeucehI1koItRa0BMK8
W41,39-01-2040,Molex,2,"Connector Housing, 2 pos",39012040,Avnet,0.12474 USD,https://octopart.com/opatz8j6/a1?t=76-o6dy9QEGt0F0vX8BhxRYd3cynVvXXlDp7Qq2mjlaf0hoH5mD_oYrtKKUAQm--Tm8Fmuk08Gzw9NfhFAq1i-_PpRuHxtXvTSDzFR0xrg_0w5gA19Y8A9HKaoq6ZVyp3_K5SiRmZl7wSd62lJc-OtL610mtwY9XGZckdzbYxDqJ9wos5ZX5ngrTPlth6xaWAtnfSMB8iavkeRrCKgBm50ut8qWZ4WH7AUI5mOlmAGdq7TIv9I2-H1t7azzIAG1W_w
HS56,RNF-100-3/16-BK-SP-SM,TE Connectivity / Raychem,1,"Heat shrink tubing, 3/16"" black",RNF-100-3/16-BK-SP,DigiKey,1.05853 USD,https://octopart.com/opatz8j6/a1?t=Y0KTe_j-nCALIlMZjpC7tSzHFH9W3FJveGSvZyxhRIQLVLaAVUe6QtidkykcNMjvsP59I8CE4oOVkNyfDKR9o_iHTJVGnoOpnylgvys7967848uqpU6c9_xt-XqvdqmXCKkOORapt6BQtk_lYz3d6CHo1tiUJYuSjThOzHXhgC-K-zrY8OOGqU_SDccUZLqvnb0_l729qUdHMd6Zty80DEHzlgPfa3ORf-F--OU7MWyUZ8NSi28h85LipXzZTeGYmxpk4bE
LBL34,39-01-2025,Molex,3,"Shell, 2 pos, no contacts",5557-02R,Avnet,0.10497 USD,https://octopart.com/opatz8j6/a1?t=t0SwZ4VSMzZw5Exv_UlpwrcdH7uATaayahvvUNZGTFIMl9DzrYqRuFqaq2fmO7tzDRLPkRFB8noztdMkauSgpPNNoHWvv0cjILPvhSRgD2vDWlConJywf6_DdVQ0kgN8NX-FduNAHyOKd6f6L9VhQyC7OZ6VpWSjCX5-brqp5v9Fi10gimgckWQ1PjZJ_l3KjUbKzr71f2vZDNx3SmqWmSkLjmCmoscb8ML1Rlc5MRrZc1mJy9nBIllqUpvdtK2Vbow
J89,A-2186-2,Brady,1,"Label, 1"" x 0.5"" poly",,,,
HS38,171864-0000,TE Connectivity,5,"Terminal, 22-18AWG, tin",,,,
W76,39-01-2040,Molex,5,"Connector Housing, 2 pos",39012040,Avnet,0.11031 USD,https://octopart.com/opatz8j6/a1?t=H3ThHrSD7HUlryoZox647ADvwB7P7olSL6E9X2dB0aiUxCie0Snr5ZAEK27XNP2wUjvZoZfb87N71Q71RkiyNXsOMJa7t8LFGKMxf9Pyszy4XlwfsMsgVcdEtbhV5nLlwnAmXai9g0h29P-mo3V4-ywlaKcQancz8vcLpfnjFn9yXlPT-cUHXh_n07VUcZYJ2nECSOskfvekyxnXcWykc3vOepsGUU-z5nAf-7gLdtIX6G5Scpe14LSGlRUVO-0qgA
LBL61,CUST-WIRE-14AWG-BLK,Customer-Supplied,2,"14 AWG wire, black, stranded",,,,
J2,CUST-WIRE-14AWG-BLK,Customer-Supplied,3,"14 AWG wire, black, stranded",,,,
HS12,171864-0000,TE Connectivity,4,"Terminal, 22-18AWG, tin",,,,
J39,CUST-WIRE-14AWG-BLK,Customer-Supplied,1,"14 AWG wire, black, stranded",,,,
W36,CUST-WIRE-14AWG-BLK,Customer-Supplied,4,"14 AWG wire, black, stranded",,,,
HS6,123456,Brady,5,Placeholder PN,,DigiKey,16.99 USD,https://octopart.com/opatz8j6/a1?t=BgSMoZZMhWZPW4-XRZkFrdAHf8JM9GQhE9QY76TZvhjnnQNXjA_GahrcoogG1uLiXJpF3WDRI5FjUDcshte0cInrEBKQhKlaZ2RExG_bhScHCWDw2i8m6EQ9blGGoacqrsH47pGIW_Q5SF8pbrs6aOg8sdXevft3dmH-aId4JylHpdw2Mq1C7DW19bA3qslYoW28ILm2_ElPH3jyqw4b4mHXThIC5jJYoCMlL8L_ZOk3I5I-jFTMfnASKEjNiryV_xg4hqo
T51,171864-0000,TE Connectivity,2,"Terminal, 22-18AWG, tin",,,,
HS21,770520-1,TE,2,"Terminal, 18-16AWG, tin",,DigiKey,0.14 USD,https://octopart.com/opatz8j6/a1?t=nS4JYdzd8eniTZhgVjYdAiEDjNPxF-Du9B018rt08JGlPnqVjT0SdMHAEfyIUpcP13VwvFGt64xMPYNPzoXlMWNRFBKSBUoNI18keesHHZ86PNVsWEm3PV9Rp1Nck3fP9qlRQG3nKVBupQD9PNBJUJhkxB4wT6dADh68BZxULRuhS8um0M0kQRXjGXD_WPe8v9pJsTpfkZJM5cYmDO4dJtBDrk9dlmE-UYXT5g8H300CKuciCaPlrp4mKv1FCMoZ2UP_rkk
W40,770520-1,TE,2,"Terminal, 18-16AWG, tin",,DigiKey,0.14 USD,https://octopart.com/opatz8j6/a1?t=ubOTLvG-6F4J_fpszjxyqYCzoi1U2if7d4vlGNKmFi6tinwQetZoeM8d2qM0WLFlySQPO8P2m_SsqabPQhp1_k33sk4keAvboW3fuOoXzWHerpsmzVCNkfOkigtZsKOmqgMuUuZ17s0YF8HKMPH0RoKLKNaKkg0uZMGE0KY0zhf9jUra2y3D4hy0iS_3yPTfSHt4SyhYaUzeTPSfIuTzP0LxX4zt_FF9Slwnb7v7IB_NHIPnrjk35x6LvOejb0T-XIft82M
LBL26,A-2186-2,Brady,4,"Label, 1"" x 0.5"" poly",,,,
J16,39-01-2040,Molex,3,"Connector Housing, 2 pos",39012040,Avnet,0.11501 USD,https://octopart.com/opatz8j6/a1?t=_yd93_BD86a1Z1R6bJxyAxfUghE8KMUT3nVeniC08V7w5J6oRogQT7xea0WFxwL0brVmrFLGT2OIEDehkRCt4lAlRz-AlJBddy5M2JGM4dO9BvfpijZ1OPUqqR_MvPU8Uc72YEPaOLH6IWKJikV6c-2-4-xaDNOomjgatM5eRWo-WcxI7lyLj_q8IzUrJewcGNRAHusUSxFm3HhQ7_qZ--VrDLZAPRXx5DQaBz_qURHv8vMMXctMQJn5Ti2h7Tilxw
HS57,770520-1,TE,4,"Terminal, 18-16AWG, tin",,DigiKey,0.1036 USD,https://octopart.com/opatz8j6/a1?t=T0MIpZy-Z2bTLqAvlPk8uK-opF3VsJAAD5B9-1fdqzcTSEC6ohQGcNJLRG3lECoJWh9HazMK99FCTzU7Bo-Pyd4TDYSYPXJt-JGH_QYh9ch_UmA4UCU_Rcxs23GxVYw7pGwbpcy-9PMD_y9lc9Vrr37v-6Nq8AyAlrhgQVm4EEHzBhaqVDlFkqWuAHkUaMsQ3p4zFHgR28ijkcuFuqBgrAbeK6EuA2HQ0HPFpwNyGTFeSHDom9_2JBiVpMMKBDEh2H6SFJB4
J59,A-2186-2,Brady,3,"Label, 1"" x 0.5"" poly",,,,
W98,171864-0000,TE Connectivity,5,"Terminal, 22-18AWG, tin",,,,
T97,,,2,Unspecified wire (TBD),,,,
T97,,,3,Unspecified wire (TBD),,,,
LBL32,39-01-2040,Molex,3,"Connector Housing, 2 pos",39012040,Avnet,0.11501 USD,https://octopart.com/opatz8j6/a1?t=ldBne7dhnjx8m1Db8etoTgYMdQ-d8irz9FX6gID9mMGP5lZkIInaI92bZT1S__O0pVQNgi9KVPfenAc64FEVwpV2O__H3h_NSp0UB2xDhYaisb1ckf1YFMUB9UB60voqSJfx0gbLO33W3-wIX6kjlAh9VdIEf7PGGtEVAkqWTJRkRSuzprWBiMh3AR_HCZHcBXnV21KX-J5xTPodCZqeGRM6LcBn3RzPD_09ixTB84bRHyejf6NBHooPlsECQTMKjA
HS20,770520-1,TE,1,"Terminal, 18-16AWG, tin",,DigiKey,0.14 USD,https://octopart.com/opatz8j6/a1?t=2YwulvwmR3vFIC84AORFtWxwf6vluOC197gXNEkyYmOSJh2GVbRch944c8kq2vuevPfSpdKL4d5uzMS3qVUfRXeoAN8Ch1mYD29gDfPxWjGbTDrKH_uMuqd8dstYymBcj6Y3Q1X8BLNcpnvI5fUHOBv4zZGDSsCEZ5CvBjvLPigdy3qaEblOCZsont8V4FZgbfTXQcUIkndn_t4-rmcqemkvyTcCrC7OFJ2kINJerS1fOp55ZcoyNHu8EZuDNVS4u2JsssA
T13,CUST-WIRE-14AWG-RED,Customer-Supplied,4,"14 AWG wire, red, stranded",,,,
HS65,39-01-2040,Molex,5,"Connector Housing, 2 pos",39012040,Avnet,0.11031 USD,https://octopart.com/opatz8j6/a1?t=PHsd6Xmu3qgaTXJ3uszmp_IUN6tzGiG3wKM9b3Nogg_K2tYyeiWN2KC2oXkqTjc9U39kSp6mKW38lZszrKQNQZrzmOJ_DYvlaH8cyz1wZLUGxbCJc_glpduxXyCvQjSbdo1b6vULXpWH5UUynyT68t53Nw8Zdayx_-N4Ix4rNHy0ocziJxa_3wy4gRKQ_sal4zAWN8ZuxJjcauXQPXk9qCnLATyXhO49GZVSYlYsYL4ZHRJJQ3m51YsOFXkitpOWNg
T19,A-2186-2,Brady,3,"Label, 1"" x 0.5"" poly",,,,
J95,39-01-2025,Molex,5,"Shell, 2 pos, no contacts",5557-02R,Avnet,0.10312 USD,https://octopart.com/opatz8j6/a1?t=B3z0NJqbepREm2aqboAViC8t81Bvd1Wn-zMykWKshUBJC8BIgDz4lCzgiCtnpaZFWxfNl-slt14Ne2cuzN5djN1m9V4PASl7ctgJsGKA8CSiaNtYJrZXBaziIyTzz_n77mCos9yen2qbmZJntfWa9cU0CMRkgExFjI41S8HE_KjsuXnORU6Pjl6FJ-lXQ-K6zzVy-KiT3LKwqxdOzykftPPeGMz6qPaFCJnM4JeFieWzTawzuPj6ly4wZBACqpWbsdQ
J9,39-01-2040,Molex,1,"Connector Housing, 2 pos",39012040,Avnet,0.12474 USD,https://octopart.com/opatz8j6/a1?t=qnVrPn2TJR-lXXSXYUaJfSTgoTvCfbmmDqa5LPOy1VeF3PmbCoo15Ri1sZeBiTdkKVPN32HuK2M48Zsm_4uBwN3pwkfGDb1EB4X9y9sDWM354zZ9mXC_7bSehtDkKISyeLFgcmscMczCLR48ARwCC6W8lXXFoZxJUQXvnFtaB1_a-Isw-rw6QJZ5vjUmruH9txxv-rB1-JZYERHmEYmA6v9EEgUp-JvDN4dqz0y_PvuOoUhqVPoZIz_2YSepDqrRUw
HS81,39-01-2040,Molex,3,"Connector Housing, 2 pos",39012040,Avnet,0.11501 USD,https://octopart.com/opatz8j6/a1?t=IoQwFnUZJCuWjeIDYInSOSoGMR1WQhKh_L3kt3btwFWONRrq260gpE_6bgWXJ_lR0pSnjJ6ZJrQPrks5fXJprnxmK9r1nHK2RgHuoTE_mgSpoLeDHsgt6FvLDWUIT86l0_X_WWrdFxXrDuU9L7eKMK1edBQt6MKNtfWe5pSZqO7wZ_OQKx0v6ExexatQewzLJqUyNrY_lvKSdmiuS0hgQ72WrWkcyndIk0I0L3wZDLWCrknqNU95ECwvzjQ_rt_gEA
HS23,123456,Brady,1,Placeholder PN,,DigiKey,16.99 USD,https://octopart.com/opatz8j6/a1?t=1hevZ6VgkDy-YGltBVCrz4Lwap8OPaIv-0ovxs7FNvoSBsNnxYQSX6xNyKYPyPOmLSMBdFFQdV_kPqZHR4gqkwOeOJhD3ICqNZUm3_2XO2YW3bmb2lSgubVyLm7_m4adNCktaz_YhtcHeEiGwXtLBS3rVloJKOn5Zynd2jFsI6jTEwEPlEJXmsur-6BKkUkWf2YvKhUeL1Gdy_le17v89F77z2ZA-iOFCkuWqaG1FyIpwrBfMyzRs-_9y--CCN8OTfhHq-o
W26,39-01-2040,Molex,1,"Connector Housing, 2 pos",39012040,Avnet,0.12474 USD,https://octopart.com/opatz8j6/a1?t=183MM5Ve7o2KhGx_ZL-eHPijuSha6ql-9V75-NCAbfHxBchx6-9hZ24pV5i_OTXCkqUq4cNrkUa3Vc9GpfJjilLp_VtScNc8ZSAz1oE5xlJM4BROS0ajunKRKOQmR5caUiCbi7egkJThL9XrSpzzdLMy3K8nhTLI4DHYzXzgj3wBTyffU9rFCvYKVgpedtDXvAj-yuOYApZMEV3-xux4H44tE1aIFJyt0csVAdM2dtieqlbGaVybr8RmzUr0oR0PRA
HS24,CUST-WIRE-14AWG-RED,Customer-Supplied,1,"14 AWG wire, red, stranded",,,,
LBL47,123456,Brady,5,Placeholder PN,,DigiKey,16.99 USD,https://octopart.com/opatz8j6/a1?t=YQkJT67NnJ5vyrx_7-902DbjDnRBX_8WyKYoZb69VlmRXc2D2r0Myn9cQIoTTkXXTkDLIp7TEFn-k7eKhSSIxFYe0gjkRrAaGyKF-zFTZNr-ZZ3aBs0pIhNbITCOWEVXzS1XMnOaY52IUO3LewS8ZpBeoafJZXFf4pX5r1bYBYhT23hYJCD1-Npzhfaq0hR_qbi3AsD6WkN9VaC85QQL0ChqW7oUJklY5igdC-ee3l3VRIGcUkwJOXfYt143m4fT5c1GswI
LBL58,39-01-2040,Molex,1,"Connector Housing, 2 pos",39012040,Avnet,0.12474 USD,https://octopart.com/opatz8j6/a1?t=pNy9JYUZuN2178xLpHcKA_IWj74F1yxPbVzpXRDzQaOiJI82d8A-25gXVjwfqG9aX0pA-DuY7eY381WbDXueHGNvxGontN_ByJ0wHWcmyDF4P9cEtp0rnUeg3SS18WJVaVpIUqPl7J7Ssml4Vsqo2QiTMRRGFP4XqXjV6iF0oWRQ7gXi2QJucocaQeOPL9SizEqibUoLzwrREWeYqUXu1sSG3pxgfPszFtc3mZuJ8Q1rpSQfyqCIwW-Y_vC_u3Ds-g
LBL88,A-2186-2,Brady,4,"Label, 1"" x 0.5"" poly",,,,
HS3,CUST-WIRE-14AWG-BLK,Customer-Supplied,5,"14 AWG wire, black, stranded",,,,
J5,A-2186-2,Brady,2,"Label, 1"" x 0.5"" poly",,,,
HS55,CUST-WIRE-14AWG-RED,Customer-Supplied,5,"14 AWG wire, red, stranded",,,,
HS24,770520-1,TE,2,"Terminal, 18-16AWG, tin",,DigiKey,0.14 USD,https://octopart.com/opatz8j6/a1?t=zMfuPMyVDN1j1TEKMkyieemKlao-954G6Kt6w9C36p4MJLDDSiiGcyBsoZyTyAij71FU7cbUx6JSZicpu2KkEuD7a8O91QeXIGo501xz-xEh6mlDWJvYcsxNa_Pqwrgis3hICkibNWmIGi7tVYx_rDXrWLWqKcDVj918oRDa1dS1welCrLRvJ4B_8aOlxY3903bxhetxivP9bUJaq_bpWKHz-9Fo5MbFQMxdTTzrTHFtTCjS43fnozXnNXQBJ12KNB_Fx2w
LBL20,171864-0000,TE Connectivity,2,"Terminal, 22-18AWG, tin",,,,
J8,770520-1,TE,3,"Terminal, 18-16AWG, tin",,DigiKey,0.14 USD,https://octopart.com/opatz8j6/a1?t=TLHmSEdqe__6to-Mh2CZ1EcqnyUiw2FwDq5BxPzBu3hl9eRoceT-ic5EUkkeFcjabAqEPfooNvzXDqZwMyxkX8VqVM-tGSBEvkNhVNuqfuppbf68yUAJv-1fJwzKakpn6OY0mtA4BZh34_gcFEx4wTL5YC6UB6Q24NkYevKdK-lYuXqSuTRTGSf0p3JGQiuJiq3Q2Qq53S6EtKF5BzPACq5ZxlHcuHtpMSqopZUHExXcF5JdxEXIQDw_SCo-6yVwiUP1gBE
T26,171864-0000,TE Connectivity,5,"Terminal, 22-18AWG, tin",,,,
J2,123456,Brady,5,Placeholder PN,,DigiKey,16.99 USD,https://octopart.com/opatz8j6/a1?t=SrxtaV_whiNBBpqvEdYC7IZR0yX4Drjg6OVxecM0mjwO-UJU4-5lMb0BJmy70ZcPVEA12O8p8yLKsQEcSehjkZBIoeu1EEhV2JlyeGC3eGbpMYymcu0lJCrd66Nms38ZIL2dWfYw6iq6YYa2BNCBhTRBw8IYr6aPvnA6XkjlZBiVbK1KtD3qzSbeGNcOs9X3Er0A-ySb0vDEbcziW5aacoEJk0fJ4bF1BNB7LYLurvmpJqlw9PNutmBk15UxlqrRlFpqXmM
W32,,,2,Unspecified wire (TBD),,,,
HS48,39-01-2025,Molex,5,"Shell, 2 pos, no contacts",5557-02R,Avnet,0.10312 USD,https://octopart.com/opatz8j6/a1?t=Kl_MR3th2M2dtTt4-bpWEjUPy-iv7QSSf_SKy6GEDTrC9TtP-7fk04Iu7G1ncTTZx8DA0sW5489OL_wWuuVYRw1EwGkoHuD5yyCOxL6wnhL90b1VTOSVpUcYK-afOiESAMfs4vUfH4ktHe5qXWCpsAnnXiKIHHJbDszSlFef8L-KpthXIFilhqyOZq7bUdaxPsYjz9LNVGXjomePBdyIQHLOxRqoGz3B3eDIpKmFZGMZDJSq0ZVWwRan0qWLjEwdvrI
LBL75,123456,Brady,1,Placeholder PN,,DigiKey,16.99 USD,https://octopart.com/opatz8j6/a1?t=nm3bZ0mb9NLiJy9Djgdjd19cAzgjZCuJ3rYxiJoZ1s3AWqwwrw18DgTq_dj-9n6jJTEalfJHgiL5paTKcMRn4ML4X8D3r9HZsVr1m5xCKi4xJlOCNs5rp7b2d-YeSt_rhEAy9H7MPKXcWnPYPVgcaFKO5eqjDD5TCLzxWJFt1uJWNBR9ekJpt5-Ld675TINrt8qkM6mGqVbTrf0YSnxCkLQnc76q5rRqsD1juN6NX-XT4pZukSAgFhhtWpy2SmbSlh5iEe0
J56,39-01-2025,Molex,5,"Shell, 2 pos, no contacts",5557-02R,Avnet,0.10312 USD,https://octopart.com/opatz8j6/a1?t=Q6qyK1G0Kb3CZmEOpNekIaZB5cruDm802T-wBteHnSUJBomIBOMV7u9q7ER6WZ3GaZQdtk-KtjMyR-3gda1XytKYX-AY3tESHJeXkOl_7LlViaXU-MTKCBKcKqOZUIRfaPsWk2sLsDe-2DqqUOFSiVqqg2XQt7ICy_hGrigHyXVjulaZO2xM53j2UnRpCUGl9fIIjD9A2bhgyYJdCPFpLvOajM0E7_NECVssrR8vJBoXhR4yuTt0dXwfb7iXwRTVwpc
HS96,39-01-2025,Molex,3,"Shell, 2 pos, no contacts",5557-02R,Avnet,0.10497 USD,https://octopart.com/opatz8j6/a1?t=2nCdJ4ccw5xJJTIVkQ7vjE3xCn__nhh4n9wvaIenRQKiU4qNJG1wqKAJXqWrKTirf6sSbWVXeRSzgm8yDzfjQK5LsXbP2Kbws-f5ORisEjqOWV9MQCFo7kPGqVN5jUyonzGec3IdUSMW9cNokjJUVu8dU_0QlrKg4WdxssHi_PGvMlKQ3ijONAmT0y_bTW7c7YKpVEmtYu56wzuXKUORGIRvaENWqz0ZAT2lR8dZQ2UBi99KeArEvpJRB_-rppaqq-E
LBL37,,,1,Unspecified wire (TBD),,,,
HS27,123456,Brady,1,Placeholder PN,,DigiKey,16.99 USD,https://octopart.com/opatz8j6/a1?t=j9KQAThLYw6tc-EEvnK3b4ZsOtavUPp5SErqmf4axzfVrof1qi2MEiabREcHpQp8r73pnif5KeH6YLLlv1S7c8vlrN1xkSORBAKjPUbSz_sekU07Kh7qX5SfFYFLaXiaI-deCEiSgD_vj5yG87S9vEMKi6KbqAlk7zISzMg1sulS9E-kPAMcjP_W9kGGcWvEN4fUygE6NwUAzDls_dJKWwpbg9tnkxCs6AgU-5iFNOiqP3_DClYxn_2nPSP2Sc_JRqDokrs
W31,A-2186-2,Brady,5,"Label, 1"" x 0.5"" poly",,,,
T84,CUST-WIRE-14AWG-BLK,Customer-Supplied,4,"14 AWG wire, black, stranded",,,,
LBL97,,,2,Unspecified wire (TBD),,,,
W28,123456,Brady,2,Placeholder PN,,DigiKey,16.99 USD,https://octopart.com/opatz8j6/a1?t=N8oz1QpMVyY6JD08JDSl-Vo1tkd3QiGXcJd6HvTSdqYq2lrblNSEMjfjtw5M4HhVJSOM3zq1DSLTSMaVlsTRDVV_Xipovszq78Tp8LZ8uZ88la1HzzHyzvEsGZ9M8PIVeD5qn7M-VJoLGHc6zXKvSXGJW7gwFoBOOhAMRPnXz6FUhTsNrnslDPwXFoiysmTGVOTysTMRPqg_J6-2PkLdXHi-LiltSQBl3luzhkPBZ5sWR7oQBMMneA3MJjNQfWMY_WOZ60Q
J12,CUST-WIRE-14AWG-RED,Customer-Supplied,5,"14 AWG wire, red, stranded",,,,
HS5,39-01-2025,Molex,3,"Shell, 2 pos, no contacts",5557-02R,Avnet,0.10497 USD,https://octopart.com/opatz8j6/a1?t=tNyW3n5bVg6p5WJIb8aTkepICYFMTUv2D9dhnOnFKNBIUc8UXZfZcKBzc9-WoJDh36o1tgp4oLhDZ5kCMzKRJwxTLJroLnYuyu-D8JrpeVDRg_CBtNdch2b4NNuDMwmn9LJGevFyHgtukQgyigsxW3fZWqPXmiNaDMZJu882WgLv0uAT581nHv3T_gHz_vMsW5dqaS9C75EewSFAo0PUrdipR-Z9Zr4dF1kzGz94jEDLrf1UNmGD92eQ5s6x54ge5-s
J10,CUST-WIRE-14AWG-RED,Customer-Supplied,5,"14 AWG wire, red, stranded",,,,
LBL23,,,1,Unspecified wire (TBD),,,,
HS28,123456,Brady,3,Placeholder PN,,DigiKey,16.99 USD,https://octopart.com/opatz8j6/a1?t=yiZ96kjGUSO0SfJyuEaqBU0fPzwOyudqhvZvLRVG6DN0DunVXXyTKHIOdf-jTfAHU2lz8MfuoZZhCTuBwoUaa2uRLUyVSZyKpjxNrJqBOu-LdpYFkyuNji18RwfkykYCqc1NocVP_MBmjm1nb1Is9dcdvq8smhrHxxBL_UF4oQXq6nVR1lmnjxWnwybRazCeouqezeH8oULIHVm7cpCN7V2Emk9kinFpMyqiy5omtHUzoCiZjr_k9IIdR3z7H2WTszdSQpE
LBL32,123456,Brady,2,Placeholder PN,,DigiKey,16.99 USD,https://octopart.com/opatz8j6/a1?t=74F0oLAZdx3ppFlluC8oM1buP7Q_B95Ple7jqqNIIGpCJYOepZ3-MLa3kzMlk0SFNLh2Q-3KnsHoXnEcsOh7FP9H7lMMiFInKz9WJcsfdsv7DsK3ZsFk0ufy9q7_cW43uXLWsnBKLYjE8Mx9fLENDS8CHZ971mGHUStmLMGgPaP_ewm0TCtxJINWNsb58xm-XlLb81urxjBtbOJVBg8a4zFZ7xv3mkFQLHdzWevzq8nwMNykBlPV7Nfhi_Zbg_QYBJcHjFII
LBL69,A-2186-2,Brady,2,"Label, 1"" x 0.5"" poly",,,,
W64,RNF-100-3/16-BK-SP-SM,TE Connectivity / Raychem,5,"Heat shrink tubing, 3/16"" black",RNF-100-3/16-BK-SP,DigiKey,1.05853 USD,https://octopart.com/opatz8j6/a1?t=CkMNwdsanOn1KZDpJ7WjbLV71LBl_7p_rpLwgwmvCeIaMPd10Vkh5Aqq95uk01onVMDX2iWA7quPXIoUwFGpygJCZpzroU184xrzg-XXfXUb-9ZQW07nT7Nir89P6I6i48mwurUbIJXDr7bkJ5OSsg_BgnMxO8xojhA-LqlugHNIYG_F0C3MAbkTBVQiDpHmAjOzx3wwWCDc7VIQ9eG8aflXNrBtrH6C7WBzbKuIQ4Y-HHbCeY0gM2xugwahkYPHNB8pazE
W36,123456,Brady,4,Placeholder PN,,DigiKey,16.99 USD,https://octopart.com/opatz8j6/a1?t=7sLHS3J2Azs23vcxz2JLApZ6--jRzaoxaG2tTOzhqJe0MmFARmhtiDRjfbBqhiP_zBVJtjNF16Oz5I7Xu9TvRZ6HujKu2ImNeLNWtZ-AWUnd0EO6vlVYtNPJ1-6T9DaXSm-55SGyfQw5B0cCZyosARKOxWIl02V7lN7E3Bk-kM3ow02NFT2PpamsIZIppusUztR_wKFx5HVBd3nL4Uh_MqPTpuJftYxhxlfUm1KWPCqkiJR5D_q-5WvH2TPaHDdzMv-AfJ4
LBL5,39-01-2040,Molex,2,"Connector Housing, 2 pos",39012040,Avnet,0.12474 USD,https://octopart.com/opatz8j6/a1?t=-48TkSHGpoXalmqsdkUR3k5BV6YdKYyfJSrRnxxdVU9tryLsStYESkFNLVjEqtjWOz9RG6np9gpNZq05xaRX6_CuL9ehIuIhCX_b5lmv9JL2qlvfx3j0z5mjPIwriQ-Bwr2WfMrTxcEd1qS09iZvuXhYzn0o_eQEOZw5tYg1KaKjWJ-_6s63Jc5sGH3p0fez0P4C9jL9vrW5OfoWuYS6uBmHe8wal3u-l_LBHc-Tr_KcLKah0zg9Hzrc62w68eXdxg
J80,171864-0000,TE Connectivity,5,"Terminal, 22-18AWG, tin",,,,
HS32,171864-0000,TE Connectivity,4,"Terminal, 22-18AWG, tin",,,,
HS62,,,4,Unspecified wire (TBD),,,,
HS44,39-01-2025,Molex,5,"Shell, 2 pos, no contacts",5557-02R,Avnet,0.10312 USD,https://octopart.com/opatz8j6/a1?t=9bZJpsaxRX1bG8UBBVO0YJVg3sgphmSPyaxj54gvF6njJ7tv06q2lO1LNnBRkHrSIimo52COjGAhj7aamkHo6000HciLWFFNpJQl9CD9qMyfpGb25joBW2K5GzrXFYyxbuGMVNj8ZKQJnjmad6tGftRvySJS47NyzwS-HhK5TmJRoKep4dIiNXK36zA8SNTgblTJEFEuXTmjrqvCJ2VRBBS-V1KMKyj9sxDXs5DbZ3IU_zYJh8lMvFHt3AeYSa-yt1Y
J33,A-2186-2,Brady,5,"Label, 1"" x 0.5"" poly",,,,
HS34,123456,Brady,1,Placeholder PN,,DigiKey,16.99 USD,https://octopart.com/opatz8j6/a1?t=M3WsK9L1QhmkVCuFUb44UsRF6Ojii2OKS0lfSNZ4kpylg5kMIyvj1KRgGyr4eFhsOsUb0d11kkaBFJaFOuSst6L66V14kYviiy9pbAts_RmPZCeAZwbUbVAWI6eDBw6x0uxfwMt-hBpjkJRU7jqbGtIkxqypSeWpi8K1cAqSSJPCw805egYmSAXKtIc4akkYTBt7JMXgVrQDXpsUB6iFmE5XvDzhirVkxs9HXs4ml02w8hZwsE-udkvkcSIz4vKlonAGXNk
LBL45,39-01-2025,Molex,2,"Shell, 2 pos, no contacts",5557-02R,Avnet,0.1082 USD,https://octopart.com/opatz8j6/a1?t=mErizpduu2gz5J4Bmt46uWmdrn4iHVCZck76Ms9Plzvgbm7dI4wz-uH21kxA5F85tDktoC6usoRA4JThzpRnNjwqxuDCCIQ-EwBevncnjATHw3qxioeWRch-Kzf92d4zYRjhkCPCCaJ12DJimit0cepBbo_vPkELnqWpiC_2jsU-sT8Ry1kyjIpHCr26WIrJAQ1sWnn4Rhq5H6iM-VfEVE3pWnBiQppQhXuhEkp-9e9CanAppVAv97x6WrM0oYQgJQg
J39,A-2186-2,Brady,3,"Label, 1"" x 0.5"" poly",,,,
HS39,770520-1,TE,3,"Terminal, 18-16AWG, tin",,DigiKey,0.14 USD,https://octopart.com/opatz8j6/a1?t=Z6rS84kLu-g2vUrBbS04BMDjCuDMUIw8UAINKGmpXVcKzJYrZzbHRzgWiq_ojIWLFeQX4YY99X4ge_lOzpxcQtZbQsPfPlAt4s0m-2-xf2177Z8_rcQTMfPWlQVhK8Ti3JDsYQB9Z3grB-Zw7osGY_M5T4xNNiKFIag1NW_EP-1NRuhd961y4mVJAffqjX-EdR4TUot5x159dgdTlp6XrBo3uHq7v29pNRNqIhyuhQ3zcTwADo3YA_TyUMfL1no6rj8MTKs
T56,CUST-WIRE-14AWG-RED,Customer-Supplied,1,"14 AWG wire, red, stranded",,,,
T73,123456,Brady,1,Placeholder PN,,DigiKey,16.99 USD,https://octopart.com/opatz8j6/a1?t=Bbj11r27ujq066DF-pev2hmcboz7oZE8N5ZOOk25oFgx-rrxx7bvKZZ0uyOCHAKbo3ClIG4LTElc0e3Vdp25JaAjOwA8n8y1rgQyREOq-znl6CaxEjsGuttYcsZdqbklr5kuzOjeMkgEGdkgBoQmBaAqPyDbQ8nqFJFCseq3Jv6LtPs-5aDxaWFd45hhs6KsJ5mkNsE5hhul7GcyrOP64EkQe_a5FCzchIh1uH228Ugk58o76U-dOqskLwqiY22a8TCLwbc
J78,CUST-WIRE-14AWG-RED,Customer-Supplied,3,"14 AWG wire, red, stranded",,,,
W44,CUST-WIRE-14AWG-BLK,Customer-Supplied,3,"14 AWG wire, black, stranded",,,,
J38,171864-0000,TE Connectivity,1,"Terminal, 22-18AWG, tin",,,,
LBL63,123456,Brady,2,Placeholder PN,,DigiKey,16.99 USD,https://octopart.com/opatz8j6/a1?t=nt2ITf0EPrhh9BwnQ02qTjyalzodto8Xts7T3VPhKsWr6OwfVcW9BRkw6ZiMmflSDNO3WH3_Jts77wmMnz6B1Ykqp5iDFty1rykKIU66v15kQ1TYH7OfJYSwXSwqqRetzxgvFkmn8WWhwhMcAEeM2eJLwjHY4gOt-p7SiecszEX7WBASn7_1ERmLe9kqjxNI6mPapjTv0oXjZnep1dusd7M2UANBTD9TvY4TEh2niav4OqExRMICmMn3h9bK0wdthNyX4bg
J48,39-01-2025,Molex,1,"Shell, 2 pos, no contacts",5557-02R,Avnet,0.1082 USD,https://octopart.com/opatz8j6/a1?t=hjLrDjs2xH4SlZyDS2qCb3sQdmGkeR-Y4cAvKRarHK-N2wBTX5h-in9xUWNFG-keQTWIxxzaOeCaZFBFKl7rchmIbEEr_eEEGX8PPlAFh8XDeg7tcAowCDBYXdFWhFeSm7y7vcyBaoVT7ncCtQLNiSTBYlf9G2L9xToMCiWO9h1E04aYA1ZHgjb1PT_qlXwq0XvFqmOdKH3tlkACqkSlfb5q77jI_zN0NSeLdLmUhIadQtbKNUxzt4Tb_qU3FjkXTe0
T36,39-01-2040,Molex,3,"Connector Housing, 2 pos",39012040,Avnet,0.11501 USD,https://octopart.com/opatz8j6/a1?t=nKtfx5mK9WJBvVYTdb57vnfEtjaICRaRQ602jK8HiZSk-fSKsN1rpoSx_fQ5e2u-1qsJgj8tE2nmFquFfbjnF_r8sJMoOrPjaNR7iI7Vm9unnXSD0jLs-S7CSpXYzHqcwlXd9FsF--PVcobFOwYXakUhlZPb8GZC9EsZCCaSyLkZ_qsCjoNUDS2hMTl28u4o3yN8IYs6qlHlDi9RSRxTrr7iTGTNvZpwJpvyFK4udQOHwYUQXrrbNvBCKaY9QxIGCg
J23,CUST-WIRE-14AWG-RED,Customer-Supplied,3,"14 AWG wire, red, stranded",,,,
J8,39-01-2040,Molex,2,"Connector Housing, 2 pos",39012040,Avnet,0.12474 USD,https://octopart.com/opatz8j6/a1?t=YU3j5pERyJ3YTEX7JhWZAT-My4POhA0PjrEb1kn152D64pjrOvd1yuRuArh4NzF9JlUPqN_22RgzLdHOsSZBGy84ezCYSi5CXYdlCO5kehjMz1J1faBgi5MvgUfzXe8SKl89LFt2qoCXnAOQIGnHuT478Pl4P4xww0JikEf5Xk3Xh_fjXFaDwagt5mbRbT1qb7mNsJDDEENqllNvBmBGXDp9t0v7Yp_nM9Mq0-fEtZ7O7rCNSscn5wZ5AQFg-JVLKw
T26,CUST-WIRE-14AWG-RED,Customer-Supplied,1,"14 AWG wire, red, stranded",,,,
T49,,,5,Unspecified wire (TBD),,,,
W21,CUST-WIRE-14AWG-RED,Customer-Supplied,2,"14 AWG wire, red, stranded",,,,
W78,CUST-WIRE-14AWG-RED,Customer-Supplied,4,"14 AWG wire, red, stranded",,,,
LBL98,770520-1,TE Connectivity,5,"Terminal, 18-16AWG, tin",770520-1,DigiKey,0.0986 USD,https://octopart.com/opatz8j6/a1?t=Sl26q00dlL00w-dmme5rPrhmtZ8MG0D43uzkPqNlu7AhC4QkMe4jduet2K58TnV1x0UwlNKwTvF4lkr5_a2OX8GZ22wXjBYwGNtQtl4eU19HMbwMEdWkhBdCIRvz6COdxwlAwnnrTB1r3kXPcBp2Ljm4ifl-sWwtoFQY76ksI80J5jOWNY3bigju2o-VRI6zc17DTNfrdMuK0k93J0jNlrncO3EHanU_Et6Nw__JmS3WwehTqfl2-kdyYFG704rkxBigf34
T95,123456,Brady,1,Placeholder PN,,DigiKey,16.99 USD,https://octopart.com/opatz8j6/a1?t=WyWDybRcP84PG1VQANI0Zn8iFXkVowwrMkY5hI0v266qGSlRm87AeYGNGCHzD2bPBWoaOiI0ibmikVk62WajlhqEcDzuZpKcsk0mBHhcucJc-U5XvPmMXHF7V3Cvx6fAF7rqiShzIgHS1KI_pWLswLc6Q1i6txWiwvi0KQZMAKnKC3FtqEhGgEE3wVTWboh5yOXXDZpskE3D0gHy89QQvdA1_WpVwaMa9-3TtujENlIFBy5mhnqC3KPK7jIRlI335bVKrQo
T42,RNF-100-3/16-BK-SP-SM,TE Connectivity / Raychem,1,"Heat shrink tubing, 3/16"" black",RNF-100-3/16-BK-SP,DigiKey,1.05853 USD,https://octopart.com/opatz8j6/a1?t=uICzV1C0Y2YdgmlbxtfphO88VkOR24g8fHIe3j0H0uxTJzxph39Dko2qd_Oyuui9s_bL_LStouxacBLm5PqMHvF_3-IRRpPGfK9VDETkfMcyHW50JSpbVXvpz0LfBCkunhBPnXBP0MWfPbF52PZ_shnC5BcC2i7iwbQZ6suo4hURGv1HH4aVjlkYNT_cApWA3wR96fO49sXRusmXTV-T3KhkIQbTfg5jyfLJHWFPVmnpxdjteexSn0iXWlZx-3IzPARK-GM
T21,39-01-2040,Molex,2,"Connector Housing, 2 pos",39012040,Avnet,0.12474 USD,https://octopart.com/opatz8j6/a1?t=TsFPogdWVsPzSxrrl0J41FzJ_XOQZbyPrG2w0BG0D57i9s20aA_J-Q5BTuhF9LEMIpB0fOUyUlmROyFS_Hf1kNJigHF0E8jAolG-AENdZea_ezPPdIsCr8jePPU9H0imt18B6PpVc2IUjQqo_LgYRjTTKKENg7EegXpE7PHOZ-7quC_41N_70sPJxkPNNIyioOR-KwJgCPUrPaoVkCsdatzq1ktAJYpDse6ahxmVzQAvpoShmqY5PCDJYRieTi0tiA
LBL86,39-01-2025,Molex,4,"Shell, 2 pos, no contacts",5557-02R,Avnet,0.10497 USD,https://octopart.com/opatz8j6/a1?t=RzFFOqC9_5xlVM2pHniuHuQ5QtgEbzSdC2d5PoirQq5JoJyD9bEP7Hc7LCfWogcr5CYCMJuFCXZ4CyWxCRjun_9bSgR9GVHiNKXf6Z7k2bCAevOtpO0GJR5US-5MfCj25GXT-ZGwXLRPQVjI9svL4DhSC7DB6msSCn0LbDwrI6S6FIsS8Waqyweqhx9DMb-onIUTVzV4MGjsfCJF80RUoN7ZPyEPUkYRuj1eHVpV-93YISuUc7qXUoyrVUFaW0h6xrE
T23,CUST-WIRE-14AWG-RED,Customer-Supplied,3,"14 AWG wire, red, stranded",,,,
LBL47,770520-1,TE Connectivity,1,"Terminal, 18-16AWG, tin",770520-1,DigiKey,0.14 USD,https://octopart.com/opatz8j6/a1?t=yjZcDfZnqa5rRwv4pqrjisIrc5-kme4XTiUZEPmt_-nFCzM1IQ9FBNjLrMIb1_7H2cdSIFaCy2O_7kYBuu8fVLXSZAWMG0dvN6n4IiA3PP2irUH4tjgYj0o-20OvakRAeC7renApdXyXe889RESINIYJAgYiCgJDxdLtw3vVz9rOQFH1dffGuCtNY2kpGOv8CuQjxm-CvxDtfFLhN8CUpGrlXS8WYCzW40S0QGtlgLIUYDLNV5onFdPNcP6rYS7jbuV1mHA
T78,CUST-WIRE-14AWG-RED,Customer-Supplied,3,"14 AWG wire, red, stranded",,,,
HS49,,,1,Unspecified wire (TBD),,,,
W27,CUST-WIRE-14AWG-RED,Customer-Supplied,2,"14 AWG wire, red, stranded",,,,
T41,171864-0000,TE Connectivity,1,"Terminal, 22-18AWG, tin",,,,
LBL76,CUST-WIRE-14AWG-BLK,Customer-Supplied,5,"14 AWG wire, black, stranded",,,,
J93,39-01-2025,Molex,3,"Shell, 2 pos, no contacts",5557-02R,Avnet,0.10497 USD,https://octopart.com/opatz8j6/a1?t=qTnx5kmKYaYVWjB_qewWEm4R87bl-KqQ4nEwxnxpQZvv6uuegyRZHerfDNdClEIYi6i1gUgXMtQdr0CCitdcurPHlrME23C2TQaggVfegEUtXXjTt2q8FOQ1H18c7sU2J7Qb6Z-QMXMJytksxRPAfFf-xAE7irzAHFoG96iAZ0hR_5UfGLfuKIIsdAk-l4SFh-8g0u-qyHK2-zMFsKvY_FqYjGzjTU-McQPUUfhhkZBZ2m0FmZuJe0bN5uMk3K9HaWuA
T20,RNF-100-3/16-BK-SP-SM,TE Connectivity / Raychem,1,"Heat shrink tubing, 3/16"" black",RNF-100-3/16-BK-SP,DigiKey,1.05853 USD,https://octopart.com/opatz8j6/a1?t=42YRLEc78DQQnR-qkHgSl3-rDrh4YZuwD8XzeuwXbyn5DYtPAttBVW2Xzr5bJ7mmDmXwe0Zxm2sYtAkG6ct3J4YWaPTBNhVjIrFrqzqVvmrnmP-Xj6ojHOa3JHJyJ-HE0tYCwXG0Ifzp-tcz6yp4oiSEb_8u_bf_XWKoscSpDQZP1XdKFmeehBpnMlI3iemWzqnnxVLmQYAvvDLhqUUh5uB4G8iS1nmE7Mknh5T4T68m5Wo7GTgpFh42xSF_KYeTJQ7qTLU
J53,171864-0000,TE Connectivity,1,"Terminal, 22-18AWG, tin",,,,
T46,,,1,Unspecified wire (TBD),,,,
J61,171864-0000,TE Connectivity,1,"Terminal, 22-18AWG, tin",,,,
T23,39-01-2025,Molex,5,"Shell, 2 pos, no contacts",5557-02R,Avnet,0.10312 USD,https://octopart.com/opatz8j6/a1?t=bEvZX73kU5seqrptLAweVgioOdQ78eW0xYH7y_EXl8Xmt4CsWzkkrW1QnplPlvuGtw3QECgz2_Uw-rl3cDlxrHbXd7-GZzYu26mFLzCHwOlfv-otVfXS09ySzNcMJ58Cc5scXZLlwD5I_2TaQ7C9V_4mipObCiY9tKLEa2ki1h726Epbz4Wgbk2gyfGmUtlD3YgLBISIUWs_8_ZBJAFNCnsfmg8sRNsIHUYg6VLpqYn9f_3XYluHxf8QmTUNe8irtzE
W76,,,2,Unspecified wire (TBD),,,,
W44,A-2186-2,Brady,1,"Label, 1"" x 0.5"" poly",,,,
J18,CUST-WIRE-14AWG-RED,Customer-Supplied,3,"14 AWG wire, red, stranded",,,,
J70,CUST-WIRE-14AWG-BLK,Customer-Supplied,1,"14 AWG wire, black, stranded",,,,
W44,,,1,Unspecified wire (TBD),,,,
W41,171864-0000,TE Connectivity,1,"Terminal, 22-18AWG, tin",,,,
T2,123456,Brady,4,Placeholder PN,,DigiKey,16.99 USD,https://octopart.com/opatz8j6/a1?t=pDV5tD7bGh-Pw0n0jJghavGVp5qWCUYp21hfnFgcKP0ajrqKTa3AcNxLHNzd-OleD_7paLXoVfe8_l1NDaPnhQFmoC2FrG3agRi_c8Tp_gnkpF8Z8KgWbfV7B3p-fQ4uJgE52av6dZd6Nzg85gOPm6H5n4Wmnoi-Gqvqc8EXkXNOp6gmKlKvzBRb_POos3ML_JFMEEaDMbP8PAOAJmocrmCZxefhIu2ESE2ZmOBcwwFDZa3NAoncIK43c8SeI3DxSokSeEA
W30,,,3,Unspecified wire (TBD),,,,
J15,RNF-100-3/16-BK-SP-SM,TE Connectivity / Raychem,3,"Heat shrink tubing, 3/16"" black",RNF-100-3/16-BK-SP,DigiKey,1.05853 USD,https://octopart.com/opatz8j6/a1?t=BFCl2fTMuuhgJiEPNOwsmbQLmCT_-JRbIOI4FYhCPT1jlavzkEIswGDrDGFcAE-EtF-kz8_8QfN9lwfLUJXuEUzYQsLIRHta6nsw7jjsDa6q0lJPYDCY9x4K57uN58hMgRvjH8rxCbrAEfVgy8XInD0xGM9ti9sBRUuu2EIqMFLafxTrG2aajI41LD9Rp2fSYbaz8v7IogTiplmDgTXYrH0vzuIVJAZO0Tvg_H4973fBG6Tz9ftAyh-CE2tMzT-bnhY3CdC
HS66,123456,Brady,5,Placeholder PN,,DigiKey,16.99 USD,https://octopart.com/opatz8j6/a1?t=uE2VUQczXCrWEvV89CHchNB_6w2_I14XCW6uyUFBi3IjM9nr9iD3ulEPZ5f96Jdv7lEck2K6lbgnwkxN0PEtOLhcgr9kpVGHkmLao7WzN-kZ4GpfHR0SZPqRvQBgfuQ62etc8E8A2DCkdKWs1T_XW_YOKaiomUuO6f24w11EiCTbXoQGhSV6TJNaXPbueibjaEYtlQRpi244LtfYNDTptcBMcyI9lmsrQEMcTaD3FTedVZWhSytlvExGIKg35hWbgKX3I5U
LBL78,171864-0000,TE Connectivity,3,"Terminal, 22-18AWG, tin",,,,
J95,123456,Brady,1,Placeholder PN,,DigiKey,16.99 USD,https://octopart.com/opatz8j6/a1?t=iHK635vfMM2hFwE8VDih5idUZuCXcjzFJPkQYaeGOoO0VdabOKZ8treag3__1ZkvqA2TCDdPfrxEpdnwMpFwxWr-GQ_0UHsqQ3wQvyVJ_xdbKzaZu707GNH0jwrGm9L_p7cY30vv_9GBsK6t8fdwMDp1wyXl5VB4pqlmSdNL7CSoWPovsYfXkHtc7jrQLNgGQO3fTBJ0SYgJhB16z0CnnvMvaSO3NA9x2ejSAbdyGKYtc8DvBv7WhFV8sJtD4tK0wFlyxmg
T70,RNF-100-3/16-BK-SP-SM,TE Connectivity / Raychem,4,"Heat shrink tubing, 3/16"" black",RNF-100-3/16-BK-SP,DigiKey,1.05853 USD,https://octopart.com/opatz8j6/a1?t=GNIWyxS1GHzdIg4URZgRn1KLYfgZG7VowSWOUgOAXwWB1Ut4DRr2-dIG_jO8s3Qj7zJ9Ezt9mgOHaAYTgMa3nn4MrnIcXQPBKoon3yMlEXwvmLtWYcd33woLyEQdhppmZFrJ0JafODHrO3SEb7obm1Ds3iPd4UnvTTjocjYSXLkiKj7N9j_ZzJbxY0aEtsu9SHGMoHx27NSCImkKxMt4NcFcHg0c6bV70q4JQD6Enjs9LMRqdPTvYoTyjsBF6_TnyFXDXgw
LBL88,123456,Brady,1,Placeholder PN,,DigiKey,16.99 USD,https://octopart.com/opatz8j6/a1?t=ihVG9Moy3apRf1a-B2S72EVXtuHbXjQgjNDLFd56h5fH7nK4cOXvbphb6ruEOp_mGtFtD_PVj4hv6ubmw6Z-XZAAgith3Lbf5Vg9lSZjyhR4yqJSsp8phoPwW3tzjRHkqy-xhb4vIoWJoIAZQgqbaNMStTP0Y_FcCColFcCc6EoWdJCcchQsMbwe5ffXXHse8yMXsAj6tvoPTPfb7Aqz27_UG6tyEuKNLbZjKnIfV5Rmzks3Q-fpT1H-FB6BqYyHt6dGqSY
W85,CUST-WIRE-14AWG-RED,Customer-Supplied,5,"14 AWG wire, red, stranded",,,,
W60,39-01-2040,Molex,1,"Connector Housing, 2 pos",39012040,Avnet,0.12474 USD,https://octopart.com/opatz8j6/a1?t=DUEsVcTjHg75ypg2xBgB3H-86xqw5TXvZl9tjqHC1ssCWafjoY0ERbjWWtG_baBvzdEH28GzxAh4rme9kjazNn4G8L3jWO7F_6bfVUcGJh6vFn-g-zsECnnEIOSiCSrXVP9Kk3UsRaOep-yV_FTdqJFx5Y0o0n9Vn3mbKRT7oYa5JE5pb-7dES2IoMQv5gYADcrBM6Lm-_RnQXrq7Vwmu0fPMq8xuKh6G3unjCuC2Em67xkEx_BXEYtZaTpZsEbNTQ
W94,39-01-2025,Molex,5,"Shell, 2 pos, no contacts",5557-02R,Avnet,0.10312 USD,https://octopart.com/opatz8j6/a1?t=mWwwm4r7WmIdkbTf8bk6tavpzOtc56W0pPv3JoVS3KKKKVI0OI3yBTiIJrmP8OUP4QAwvzFk1xPFczp1wwV7qaSDug3GBlgL4eTwba5TKAWwqk1wUv0tQmIU9cC7PVwKszVl0L53GiFjLkA_5487Sdvy7vUdnUFpO5Exv2Od_NRlkTyzKgIBeaq_eJ7poMv0PnbhmeyTqBZa2pU7nUHz5w3JgvZHRHdTFsiiqKESI6-uLpcyfy_S8RSG6ClV48__Wbc
W36,,,1,Unspecified wire (TBD),,,,
W85,RNF-100-3/16-BK-SP-SM,TE Connectivity / Raychem,4,"Heat shrink tubing, 3/16"" black",RNF-100-3/16-BK-SP,DigiKey,1.05853 USD,https://octopart.com/opatz8j6/a1?t=krOXh17H_MN4JCKK6ETO5GFj6yZm6-2u8vcESDnTtwM3JMjNkQSMVSITdfFm10ARDn886qYckMwT9e2EAHLUY965b7ADLiKTVXVrNRekTrbZ5GSMxEOVxbK5zP_0vVThf6qFxiVJhDdSaTqun8CZiXSqgNZvoZOD_5ejmqOvizXZBgcErrlYAqN4fI-HAcWgZKfwFndiY41ArPVwd2Ok1qoE2t0EAdeWufM5eJ5vCPWo-9UR-ap26yBVo8Imb6c3UBGRzfo
J62,39-01-2040,Molex,3,"Connector Housing, 2 pos",39012040,Avnet,0.11501 USD,https://octopart.com/opatz8j6/a1?t=64eLsA4N9hnUDFSRbiQgSDFc0gBkjrdmqGySIPR7xKm_sXmp6OMtgtamBeUp7oc8H7TsNyuyUOSkvr9-O-1b5_ZQVhzpkbaN1tpKEtWafED5z2G-xkYS0wJBgZeI9v8zGHLVqeHUIOOP20_FBvmQUGFcAwgRE14SkeBzMbL1yfR3mSpc5TnKpJG56bWCfXIqoBOpyGQrZFx3Qkd5TLowRbzivDNP6mwAKMV0oZVnj6ow4H5ljuGsPH1MBn1i7GbYWA
LBL37,CUST-WIRE-14AWG-BLK,Customer-Supplied,5,"14 AWG wire, black, stranded",,,,
LBL77,CUST-WIRE-14AWG-RED,Customer-Supplied,3,"14 AWG wire, red, stranded",,,,
J64,123456,Brady,5,Placeholder PN,,DigiKey,16.99 USD,https://octopart.com/opatz8j6/a1?t=4ZyWRFEcSRZNeEG6cEp_ey3vcwpZV44koAMqaJBlDT2sS69waQMzicsjcMle7kTwZfqTF-o52qNRERbtVs6qR204KnlqFhoZrI5B5sqQxXPPz92XkOTBQVCep5yyWX9VV5sxZK1ZaxN4wo5-Jt2xJw2tPdfRNVuyjD7CKVDmdEBblqD11A9XxIx7SwiXr9YktTyA4MSOqeLnVs1x2uoL2f4p4WToXH6siDADkS-6BRGKUNse_16dtC9_wI7GPBBLIOziUCs
T36,171864-0000,TE Connectivity,1,"Terminal, 22-18AWG, tin",,,,
LBL99,A-2186-2,Brady,3,"Label, 1"" x 0.5"" poly",,,,
T20,171864-0000,TE Connectivity,2,"Terminal, 22-18AWG, tin",,,,
HS64,,,1,Unspecified wire (TBD),,,,
T91,CUST-WIRE-14AWG-RED,Customer-Supplied,2,"14 AWG wire, red, stranded",,,,
W43,CUST-WIRE-14AWG-RED,Customer-Supplied,4,"14 AWG wire, red, stranded",,,,
J75,CUST-WIRE-14AWG-BLK,Customer-Supplied,1,"14 AWG wire, black, stranded",,,,
J95,CUST-WIRE-14AWG-RED,Customer-Supplied,1,"14 AWG wire, red, stranded",,,,
T39,,,3,Unspecified wire (TBD),,,,
W83,171864-0000,TE Connectivity,5,"Terminal, 22-18AWG, tin",,,,
W16,CUST-WIRE-14AWG-BLK,Customer-Supplied,5,"14 AWG wire, black, stranded",,,,
HS85,39-01-2040,Molex,5,"Connector Housing, 2 pos",39012040,Avnet,0.11031 USD,https://octopart.com/opatz8j6/a1?t=rsgQgFA7jEzoPKsGIBaUPKoDqc2Q8OO3GAr15-HO0rxTwi6ELqe9_dpqQIROr_gSmvVYEuJfZ1SMkEleqOYkfb_7fdOF9Vg-cIn6z5eetEkLfduRNm-_tkBU8JmNA7zqn2uJ4YMckYGW7D9oZwE46tAVtzJoHYavK0YqBbOY-XInAG5_ykdSTAhm0PGrk3PT2B98yOKjP1xwkBFdz8PZEK68DAGSe-ebD6MxXBv--A1oFcdCq-FTpWflipfnqp65uA
T54,39-01-2040,Molex,1,"Connector Housing, 2 pos",39012040,Avnet,0.12474 USD,https://octopart.com/opatz8j6/a1?t=oXaVKat807xHR_E6Tvz0VVpBtkmG2cygPT2PaaIaAq35wsu7d8MSu5_eYKBkCg6wP_-l3UAWz763cfwhyMMDNIPCFmVT0NoJjKYnBfq4Vk5emUOoLGxtXDo0wQhTOV9V0GJ9UhnQ-qyKSD_kUox4ribvgVZq1D7zRJlJqhzFeSLoEw4b20jS5s8Q9XOMllIWjDTMqkkp3GWGg7gAqn_ZdlFAZqaECM0D1toEwUiOSMacIb2XZsVsR2VxtUCXPuvIPw
W32,39-01-2040,Molex,2,"Connector Housing, 2 pos",39012040,Avnet,0.12474 USD,https://octopart.com/opatz8j6/a1?t=ynm7bMwYZf4EIVZr-xkYSDTvXf_aiR7FMDc7OpQ2Hh5EyUbps_-wy8VBSuagOm-TSgsyWpHzuCbhxMgLCwX_ALsBuFdNCtb8aQ5fhtOLILEUWnQzYgK1RWU4n7QxCPZApcdshRISu91P2GEMzEAQ9ycDcVLpoBad8E58Bd0WDsmQV4_eABkw8dZjZpLXcgd3yjOCqHdlYf9XlmVuwn9vYP-nvZHnAXfAk7PO-fSJr6fnciDCZ-kX2wclx77qQhQPHA
HS13,770520-1,TE,3,"Terminal, 18-16AWG, tin",,DigiKey,0.14 USD,https://octopart.com/opatz8j6/a1?t=KLLmc26d2wulO2obAkMZwBl6pu63B0nTHLZ7R7YNVauJWU_GzKHD9YYOaS36HycCajUEbLCboGw3fNjkwYL3peVfDpisJzazNN7aocIy9TDSKbeIUasOct3LXLHPFSuMN9T4FgFhKrrMykNrEr0GrsRU1aMPdtXwBi0zeYH-JtRPOwoUARrzjaeI4dZv2zq7xzo1jE6KxqfAIzHpfqmp3ItijNQux-86CKRNaE2ocoAaX3wd0MziEQv8PYDDUUcvPPqv-vk
LBL67,RNF-100-3/16-BK-SP-SM,TE Connectivity / Raychem,5,"Heat shrink tubing, 3/16"" black",RNF-100-3/16-BK-SP,DigiKey,1.05853 USD,https://octopart.com/opatz8j6/a1?t=F-5reODW4Chj5bOTbfcK0RIgc8JxgGVTXjWdiaT0U_cpi8sBWXmnidVnc-_XB6RMaTIKtQ0VEY-Rg_I03Wju3eWUcfcuFvbWfOmQBSuxkJ7EWrTNDMJGFJXFF96VnH6pCZ9BbB3AhZV44eJ0FYiGQeJqLXyPcVOgW2E84d4g4cEo4zdrAAffafqImdeni1OeGc8JbtL0xPgAEY0U8BcyPoVchLsF0U23OeR7BGKaWpql-HCrz1iBZyP1sz1MAFbIox5ehQo
T35,CUST-WIRE-14AWG-RED,Customer-Supplied,3,"14 AWG wire, red, stranded",,,,
T58,39-01-2025,Molex,4,"Shell, 2 pos, no contacts",5557-02R,Avnet,0.10497 USD,https://octopart.com/opatz8j6/a1?t=WiHvtHG-vlPbWEtwOPYu-7cujisEkT3ZRwTznCM7m2n7O76QpSKDxtJTrY98Pb9wLNGu3396g7Efk9W6LMGSUG3yAkjKgOrGg5KlQnLmGEQMKmKaqyrr34ODMX9nZ_TdCd4cFyw_I_GcU4WmolMbcPVPYOGgYytdSaaw7CcEPDkpvfjvg2EWyojO4XePSW-N7IQqNaZncfsfMSJY2-3-bNdLBikh16ylXoRpRH9MgZYRoGCc-tK5e_SKA4JSps_TDLc
LBL74,39-01-2025,Molex,3,"Shell, 2 pos, no contacts",5557-02R,Avnet,0.10497 USD,https://octopart.com/opatz8j6/a1?t=dtv27nxlaRcLN_P-JgQB3-u34vyNPQCxUEyY0dZw3DsjkJKx4JfM9Krvj4BbKx5Oq1BX8vxZt1_-Wfwj_eNk7TQ9ssg6-ETAzajtoxhA62nEH2_xHInVo8j1-wUuFFksQPk62399v6x2MrexZpKd7N7MFJbQszV-lmqGw1jkxJv2IEczkP9zYebJYonGgW9foy1hfUqngUWD_wmcCHZZEo-ZoAverzfOimrb2axVWatIAIVamWkegAldpZE5netBb7o
T90,123456,Brady,2,Placeholder PN,,DigiKey,16.99 USD,https://octopart.com/opatz8j6/a1?t=IyzfmDpTiAlL6YW-LbiNhkLmOl1Pwgsyg5N1QfFkZyxp2Gqim7kjJfUIswQMEAPejhAqzqcjVgUxvL-UxM67TZrmzPwd2QOiC-60NtkHQFZSdd4xeT0c0l_UNPhsMCsjwNQbTxPgke2zxCwbKB77KRfHCMZs8uxwVUPWTlcl8DpCvVFkW180tOKnYJljQ4p60MbqTrzl9NG7X9sq6g57lXGzIVFjbtl02V8N11BLAmv8MkSuxYRzDosULlxjxj59LsNfIJY
HS2,39-01-2040,Molex,4,"Connector Housing, 2 pos",39012040,Avnet,0.11501 USD,https://octopart.com/opatz8j6/a1?t=N-mK26eL2pVwp1WTyeDgXrL6gS_MVC__K1JnYqw5e5G_Lhm-ggNboZY2azf-xJ5WoclfxS2DA_EZqB7NVMAuC7K1Pc0sNNnkl55xnMIVHBN6JDSQlBoF8A-CLLaE73qBpxRhB5xVxpvr4Sx1FkbxHf8ZIQlBMIVfGxcL3IohPmvUhAImfq-Xvtko4-d0td7mHHpaM5mSK92C5QbeuubNM8cqQMGntRk1Q-6Snx_VRHDdftBgYwRqqvROaC9mvK901A
HS40,39-01-2040,Molex,5,"Connector Housing, 2 pos",39012040,Avnet,0.11031 USD,https://octopart.com/opatz8j6/a1?t=SrZJ2IqumUb5vGJl9FuybYsVF6U9g6TqJcc1v5zcoIMNXSHAeC_5w9bieJEYY4y6NlfGN1lWuHPq10vXrZ9ZSbfoIWdIZnFpXL8J9yjUcHeameediIXkomaAUkqs40Da1HHp2u4BtjI692y9ooPBFdJD0wIuAxwhUw83Zfsu7OEPR8pOzU-6Ws5oSfZNqzL5G0eHyjFobgc7LswobLS70vl1NZJhYmsCNU0gKMEtawXUemk9ZEB6Pmj2QIxfy7Pe7w
W97,39-01-2040,Molex,2,"Connector Housing, 2 pos",39012040,Avnet,0.12474 USD,https://octopart.com/opatz8j6/a1?t=_FtKsP94yO8hjsLhyyEC6XPalDRVnvbAH9zHs046EgU0HP7UGF5x6XGflsxont1-qOmV46T4EOWU9E_SmoIIs6BgMKTa9XVbMFBkjaKji8Og7BMwEMH_4xpbFkmG3XGb7-oumWPQXvsa22LcaSpWuq8HkC6ikuT671WMVK-EThQImN8i1hrjUG_HoXbzuZdNy7YQLj-vtUGtgckSHZW1D6vkuKXfzx28GgnfTdpJrS6N4DNXcMNYntfZb7GW8EakbA
J35,RNF-100-3/16-BK-SP-SM,TE Connectivity / Raychem,4,"Heat shrink tubing, 3/16"" black",RNF-100-3/16-BK-SP,DigiKey,1.05853 USD,https://octopart.com/opatz8j6/a1?t=qMlKgzfAJS7h43RzObjs_VMPVfx0Gw-oFAA0B70ENjnujLHfauPNE2bcQE6SXu7C2U0vICc8f1QaRhHwscDnaOd94VIFBXUv7i_1Tq2tHQE1y6I3QhDJmfmZP-AVHn4CkCvgfIlT0TCGj57MCabOXlkPpeD64TJ_YT-Ojp1H84WICb3y3b1z2P8-97-6rbdUM-G0lb5-FUrugEx09tmH8p3d-S_NllqESuCux0SV7dpR-ZXB0FztH2RVPcL-h3tj5YKE48w
W6,CUST-WIRE-14AWG-RED,Customer-Supplied,1,"14 AWG wire, red, stranded",,,,
HS85,123456,Brady,3,Placeholder PN,,DigiKey,16.99 USD,https://octopart.com/opatz8j6/a1?t=67R4mZBqhiepoCZ16e1THx58YicAay9o3MGCMuFiPmXOhSWn6lHcLr1TgpJcgFoZsif0PkIom1TQM2UsN-5L3R3M728CPvZVvRaSINOE870IfTsE8fy-N3k2SOYwhK1QYlBzaH0d46rkf_ilUvgiSDbIBrxyqYmMIgwE9jIDtuJ-en2GTwkE9GyfoQ1kopqmvPir7t1A5Ri2Gzi4EjdOwJ8DtOsZZpnvbo5-lxHaTIXGHyqGTyo4GuiQPaswvDQAJZ7SUP8
W53,CUST-WIRE-14AWG-BLK,Customer-Supplied,4,"14 AWG wire, black, stranded",,,,
T78,A-2186-2,Brady,2,"Label, 1"" x 0.5"" poly",,,,
W75,39-01-2040,Molex,4,"Connector Housing, 2 pos",39012040,Avnet,0.11501 USD,https://octopart.com/opatz8j6/a1?t=FpgamGRVtyIKP7Kg3wSUl2qWvCaax7sN2AwDOyYXYMfPbcp6nfeCbq-Ejuvc51fvIUcImutv2zLMXdsPV5i49aP8hUGvTOCIEvAycmftcp0xoptLJ-jKZ425lvUPfrVQSdpBIFmxL02dSWnf8WIMNEKspEUPjse3NFQ-MmDxSdZqv143dEmufUrMPSdKhjsZVNpXrziywZbxPBUJhJThSVli9IbkdDkoHF0gtqtDPmbfC6-JBQnBQp3KEGVPkC_qsg
HS50,CUST-WIRE-14AWG-BLK,Customer-Supplied,5,"14 AWG wire, black, stranded",,,,
J73,39-01-2025,Molex,5,"Shell, 2 pos, no contacts",5557-02R,Avnet,0.10312 USD,https://octopart.com/opatz8j6/a1?t=Jd6BHU_aLA5bMNBBcp2KqGTf7U0nrL073_EcXebs1kvcH36KKX9uwql38g2_w64w4vFcvM5nJWlZ2IuFcgQlthn1B-NZxtVsTgyTU9tCItzvvvWfSVuZxlifuRdtJ1yoWIxNZP1CBRheDzrGQF3uO9aP58eG1YrB6lY3w-UirZ2n3DMeDKY9FNcz8xTgG3RFHpinzMzjrlRxDPHxk-ZNcgYU_JqTwjn10cJb6cu3JWiA0VTr7S5JF06jIPUOW7zSNaE
J85,123456,Brady,2,Placeholder PN,,DigiKey,16.99 USD,https://octopart.com/opatz8j6/a1?t=-VJob0kfdZGcWTG2eleFdr1pzZCjKyHM4HuuTfYLh71KfU-ayYedDel6nCk2RnHzmEDX_D8_xjYXQVVLLBoVRyE4ca4mCc9Q1RZktS5m1GwALLui2vxFWALHYLdD8Rdm9PhPZV4lmfKgQD-YNQwpgGppXhDXrqN5SUsp_acfUocMRcDoTaZ_IjDXMSJ-yLN4c8HeLJgLv36Y_koQMLnjzCQEIdIF91ZjjJYW6WprhHrR-6z_LrOHdsk5xTaGfZGEVH8iAkU
W34,RNF-100-3/16-BK-SP-SM,TE Connectivity / Raychem,3,"Heat shrink tubing, 3/16"" black",RNF-100-3/16-BK-SP,DigiKey,1.05853 USD,https://octopart.com/opatz8j6/a1?t=wBp8PVI9Ij1gIgvhFolpAhh5In5oKsCF6VQKerURcFZGej3hwfuALrNRUagQoylP5TzH7hrw4tR3rUyelBVActb0-bo-6aUCyYCRAWQkhL5KCsE5JawPakdcTUznURFboTQ6hy-KLvLmvUK47KvURZd8UIr-7bAa2WZvrjJl_FkhbkXUp-pVDPzSUfyEiW4OyGGKMBQr-dhFZAsbU1o-GOJnIjkl-x5yrQQZY0wHxdnQ4yzeKRIDtz16qLQzVbelYfcDS0Y
W24,39-01-2025,Molex,4,"Shell, 2 pos, no contacts",5557-02R,Avnet,0.10497 USD,https://octopart.com/opatz8j6/a1?t=SMrXiwB4ZwXC4NgEwt6QGXk1j31aQxJiokpkmYoK3Qwa313l3Ia3Df7Avb8_pqVzapAoMnlfhfdzVJMA6XuCiP5rk2km-XCs5EiQW_eUQbmDGdoww-NKOH5NrpoWYE_YkUcJYLRuDwJOrvcUPBbcHiNst772muyFzSU-ngf1002sHnwDqGjDX4fqlpdUtVOSSpDWFWYrAF_ihi_72WomLpes3T1Rs20AlglMUFt1vessz2BtL2KbFKxKXTvF8Z7fdv4
J89,CUST-WIRE-14AWG-RED,Customer-Supplied,4,"14 AWG wire, red, stranded",,,,